iteration,result,exited,return_code,signaled,term_sig,runtime,inject_delay
0,0,True,0,False,0,17.283306121826172,9815
1,0,True,0,False,0,17.40845012664795,10892
2,0,True,0,False,0,17.292255401611328,341
3,0,True,0,False,0,17.349961042404175,5217
4,0,True,0,False,0,17.3227858543396,9225
5,0,True,0,False,0,17.583678245544434,9073
6,0,True,0,False,0,17.44277834892273,8160
7,0,True,0,False,0,17.26301336288452,10437
8,0,True,0,False,0,17.963526248931885,8500
9,0,True,0,False,0,17.327847242355347,9539
10,0,True,0,False,0,17.449012279510498,3713
11,0,True,0,False,0,20.542224407196045,1487
12,0,True,0,False,0,25.364497184753418,2720
13,0,True,0,False,0,24.749760627746582,45
14,0,True,0,False,0,23.666056871414185,2175
15,0,True,0,False,0,23.401745796203613,10123
16,0,True,0,False,0,24.80866575241089,5850
17,0,True,0,False,0,24.966559648513794,7903
18,0,True,0,False,0,24.42552614212036,5773
19,0,True,0,False,0,25.294898509979248,8051
20,0,True,0,False,0,16.491616249084473,6557
21,0,True,0,False,0,16.861209630966187,11411
22,0,True,0,False,0,17.289947271347046,2614
23,0,True,0,False,0,17.34455680847168,10862
24,0,True,0,False,0,17.30960774421692,12064
25,0,True,0,False,0,17.335132360458374,5074
26,0,True,0,False,0,19.774160623550415,2683
27,0,True,0,False,0,17.199526071548462,1559
28,0,True,0,False,0,18.772396564483643,10590
29,0,True,0,False,0,17.431642532348633,7299
30,0,True,0,False,0,17.41434669494629,8650
31,0,True,0,False,0,17.33832550048828,179
32,0,True,0,False,0,17.382185220718384,11759
33,0,True,0,False,0,17.56315279006958,12300
34,0,True,0,False,0,17.319812774658203,11697
35,0,True,0,False,0,17.288732290267944,9315
36,0,True,0,False,0,17.366178512573242,1670
37,0,True,0,False,0,17.370874881744385,11326
38,0,True,0,False,0,17.35426950454712,5395
39,0,True,0,False,0,17.32092022895813,11790
40,0,True,0,False,0,17.32763433456421,7231
41,0,True,0,False,0,17.380913972854614,10501
42,0,True,0,False,0,17.193037509918213,3676
43,0,True,0,False,0,17.242284536361694,4772
44,0,True,0,False,0,17.253076314926147,476
45,0,True,0,False,0,17.32180643081665,6903
46,0,True,0,False,0,17.187386989593506,12316
47,0,True,0,False,0,17.71285843849182,11854
48,0,True,0,False,0,17.39636778831482,508
49,0,True,0,False,0,17.26103711128235,3112
50,0,True,0,False,0,17.3083233833313,2892
51,0,True,0,False,0,17.294001579284668,30
52,0,True,0,False,0,17.27899718284607,6801
53,0,True,0,False,0,17.30836796760559,802
54,0,True,0,False,0,17.377397537231445,9056
55,0,True,0,False,0,17.32657480239868,4178
56,0,True,0,False,0,17.3141450881958,11826
57,0,True,0,False,0,17.595301389694214,3417
58,0,True,0,False,0,17.362839937210083,3430
59,0,True,0,False,0,17.355366706848145,12066
60,0,True,0,False,0,17.24110436439514,8335
61,0,True,0,False,0,17.33618927001953,2271
62,0,True,0,False,0,17.271075010299683,4627
63,0,True,0,False,0,17.252559423446655,7192
64,0,True,0,False,0,17.242296934127808,11911
65,0,True,0,False,0,17.351162910461426,3653
66,0,True,0,False,0,17.237265586853027,4453
67,0,True,0,False,0,17.340407609939575,4175
68,0,True,0,False,0,17.293813705444336,5003
69,0,True,0,False,0,17.275238275527954,3910
70,0,True,0,False,0,17.176297664642334,2059
71,0,True,0,False,0,17.237701177597046,11260
72,0,True,0,False,0,17.33794593811035,11558
73,0,True,0,False,0,17.163419485092163,2535
74,0,True,0,False,0,17.38262629508972,1786
75,0,True,0,False,0,17.365686178207397,5609
76,0,True,0,False,0,17.688339471817017,5853
77,0,True,0,False,0,17.45628046989441,6905
78,0,True,0,False,0,17.329869985580444,2166
79,0,True,0,False,0,17.320205450057983,4970
80,0,True,0,False,0,17.344972372055054,12516
81,0,True,0,False,0,17.394600868225098,4863
82,0,True,0,False,0,17.36207675933838,6681
83,0,True,0,False,0,17.303410530090332,839
84,0,True,0,False,0,17.2096951007843,8724
85,0,True,0,False,0,17.32628321647644,8126
86,0,True,0,False,0,17.20585584640503,3975
87,0,True,0,False,0,17.774571895599365,893
88,0,True,0,False,0,17.34943175315857,8929
89,0,True,0,False,0,17.280523777008057,8224
90,0,True,0,False,0,17.246366500854492,2574
91,0,True,0,False,0,17.567615270614624,3354
92,0,True,0,False,0,17.23685932159424,10766
93,0,True,0,False,0,17.2197687625885,785
94,0,True,0,False,0,20.183034420013428,10426
95,0,True,0,False,0,18.162988424301147,7581
96,0,True,0,False,0,17.234925746917725,441
97,2,False,0,True,11,4.8233482837677,4155
98,0,True,0,False,0,17.385544538497925,9430
99,0,True,0,False,0,17.339844465255737,10540
100,0,True,0,False,0,18.066612243652344,1785
101,0,True,0,False,0,17.46854591369629,8100
102,0,True,0,False,0,17.772942781448364,2208
103,0,True,0,False,0,18.444765090942383,7923
104,0,True,0,False,0,18.358152389526367,2344
105,0,True,0,False,0,17.390654802322388,112
106,0,True,0,False,0,17.422778367996216,4319
107,0,True,0,False,0,17.329106092453003,2099
108,0,True,0,False,0,17.30422282218933,5627
109,0,True,0,False,0,17.410789012908936,7914
110,0,True,0,False,0,17.53831648826599,10525
111,0,True,0,False,0,17.3764431476593,1165
112,0,True,0,False,0,17.321080207824707,5841
113,0,True,0,False,0,17.32414698600769,672
114,0,True,0,False,0,17.389265060424805,6198
115,0,True,0,False,0,17.17553997039795,492
116,0,True,0,False,0,17.61586022377014,1110
117,0,True,0,False,0,17.17229127883911,9234
118,0,True,0,False,0,17.295031309127808,2140
119,0,True,0,False,0,17.34654927253723,201
120,0,True,0,False,0,17.33315086364746,5366
121,0,True,0,False,0,17.250867128372192,11486
122,0,True,0,False,0,17.291957139968872,11165
123,0,True,0,False,0,17.327089309692383,7897
124,0,True,0,False,0,17.22089195251465,4858
125,0,True,0,False,0,17.11568784713745,6859
126,0,True,0,False,0,17.110302925109863,7750
127,0,True,0,False,0,17.133158922195435,12539
128,0,True,0,False,0,17.264878273010254,9725
129,0,True,0,False,0,17.172884941101074,958
130,0,True,0,False,0,17.30892276763916,1507
131,0,True,0,False,0,17.57141923904419,10665
132,0,True,0,False,0,17.406392812728882,3922
133,0,True,0,False,0,17.83063769340515,2030
134,0,True,0,False,0,17.30362105369568,2466
135,0,True,0,False,0,17.387214183807373,1063
136,0,True,0,False,0,17.35566544532776,4114
137,0,True,0,False,0,17.26781177520752,9052
138,0,True,0,False,0,17.50056004524231,9726
139,0,True,0,False,0,17.318641901016235,12264
140,0,True,0,False,0,17.343721389770508,10925
141,0,True,0,False,0,17.28672170639038,2593
142,0,True,0,False,0,17.279690265655518,5943
143,0,True,0,False,0,17.279633283615112,12304
144,0,True,0,False,0,17.31501841545105,4232
145,0,True,0,False,0,17.383328676223755,845
146,0,True,0,False,0,17.194867372512817,9813
147,0,True,0,False,0,17.16907048225403,7977
148,0,True,0,False,0,17.34485626220703,9356
149,0,True,0,False,0,17.23202395439148,12285
150,0,True,0,False,0,17.673162937164307,1417
151,0,True,0,False,0,17.49895167350769,1078
152,0,True,0,False,0,17.33760714530945,2202
153,0,True,0,False,0,17.475830554962158,6634
154,0,True,0,False,0,17.3432776927948,6300
155,0,True,0,False,0,17.269922971725464,392
156,0,True,0,False,0,17.22385573387146,3505
157,0,True,0,False,0,17.313666820526123,3922
158,0,True,0,False,0,17.304308891296387,11713
159,0,True,0,False,0,17.221142053604126,12032
160,0,True,0,False,0,17.25407385826111,1830
161,0,True,0,False,0,17.30898952484131,7502
162,0,True,0,False,0,17.24109983444214,12257
163,0,True,0,False,0,17.251404762268066,9047
164,0,True,0,False,0,17.26582622528076,10574
165,0,True,0,False,0,17.22779083251953,8639
166,0,True,0,False,0,17.244224071502686,2266
167,0,True,0,False,0,17.304112672805786,1409
168,0,True,0,False,0,17.270052671432495,2565
169,0,True,0,False,0,17.16142702102661,3287
170,0,True,0,False,0,17.239242792129517,3623
171,0,True,0,False,0,17.23419499397278,12006
172,0,True,0,False,0,17.261287689208984,7710
173,0,True,0,False,0,17.218512296676636,5398
174,0,True,0,False,0,17.41926074028015,4965
175,0,True,0,False,0,17.242833137512207,1673
176,0,True,0,False,0,17.33927822113037,6009
177,0,True,0,False,0,17.40510082244873,3154
178,0,True,0,False,0,17.45928716659546,1585
179,0,True,0,False,0,17.489224195480347,7902
180,0,True,0,False,0,17.58271098136902,2096
181,0,True,0,False,0,17.66076683998108,8880
182,0,True,0,False,0,17.648963451385498,11276
183,0,True,0,False,0,17.499568223953247,2583
184,0,True,0,False,0,17.42366647720337,2100
185,0,True,0,False,0,17.34741711616516,5903
186,0,True,0,False,0,17.328949451446533,7560
187,0,True,0,False,0,17.524887084960938,4549
188,0,True,0,False,0,17.449355602264404,11654
189,0,True,0,False,0,17.424201250076294,1308
190,0,True,0,False,0,17.684794902801514,11143
191,0,True,0,False,0,17.502910375595093,5058
192,0,True,0,False,0,17.438377618789673,7248
193,0,True,0,False,0,17.415882110595703,5086
194,0,True,0,False,0,17.275095462799072,858
195,0,True,0,False,0,17.205753564834595,1652
196,0,True,0,False,0,17.267332077026367,7888
197,0,True,0,False,0,17.334900617599487,803
198,0,True,0,False,0,17.333802938461304,5769
199,0,True,0,False,0,17.142651557922363,6416
200,0,True,0,False,0,17.285276651382446,6831
201,0,True,0,False,0,17.34261465072632,5748
202,0,True,0,False,0,17.296593189239502,11745
203,0,True,0,False,0,17.480820894241333,3084
204,0,True,0,False,0,17.248279571533203,11436
205,0,True,0,False,0,17.246360778808594,9476
206,0,True,0,False,0,17.294167518615723,7255
207,0,True,0,False,0,17.248485803604126,10127
208,0,True,0,False,0,17.23922562599182,9665
209,0,True,0,False,0,17.134058713912964,10893
210,0,True,0,False,0,17.77268886566162,8876
211,0,True,0,False,0,17.207871437072754,12436
212,0,True,0,False,0,17.271332502365112,2196
213,0,True,0,False,0,17.300923585891724,374
214,0,True,0,False,0,17.310580730438232,12070
215,0,True,0,False,0,17.22493052482605,9902
216,0,True,0,False,0,18.450587272644043,9234
217,0,True,0,False,0,19.4570529460907,3714
218,0,True,0,False,0,20.25379228591919,6414
219,0,True,0,False,0,19.999491691589355,5899
220,0,True,0,False,0,17.418827056884766,7559
221,0,True,0,False,0,17.36750054359436,5790
222,0,True,0,False,0,17.214155197143555,8470
223,0,True,0,False,0,17.267136335372925,8414
224,0,True,0,False,0,17.174886226654053,3842
225,0,True,0,False,0,17.202157497406006,11851
226,0,True,0,False,0,17.333149909973145,8380
227,0,True,0,False,0,17.74194884300232,5801
228,0,True,0,False,0,17.365041494369507,1122
229,0,True,0,False,0,17.103083848953247,9045
230,0,True,0,False,0,17.292808294296265,1168
231,0,True,0,False,0,17.346094846725464,8523
232,0,True,0,False,0,17.282923936843872,445
233,0,True,0,False,0,17.233848094940186,11539
234,0,True,0,False,0,17.189661264419556,3667
235,0,True,0,False,0,17.310262203216553,5942
236,0,True,0,False,0,17.159637689590454,11964
237,0,True,0,False,0,17.323938846588135,22
238,0,True,0,False,0,17.320040702819824,9602
239,0,True,0,False,0,18.00175952911377,4408
240,0,True,0,False,0,18.988849401474,2116
241,0,True,0,False,0,17.56244206428528,9841
242,0,True,0,False,0,17.625349760055542,9115
243,0,True,0,False,0,17.427951335906982,4421
244,0,True,0,False,0,17.38149118423462,501
245,0,True,0,False,0,17.48515820503235,5220
246,0,True,0,False,0,17.287331342697144,9630
247,0,True,0,False,0,17.191380739212036,5325
248,0,True,0,False,0,17.264091730117798,7702
249,0,True,0,False,0,17.382641553878784,3922
250,0,True,0,False,0,17.33000683784485,1492
251,0,True,0,False,0,17.374554872512817,10319
252,0,True,0,False,0,17.403010368347168,12605
253,0,True,0,False,0,17.29305410385132,6511
254,0,True,0,False,0,17.232340335845947,5536
255,0,True,0,False,0,17.173539638519287,7585
256,0,True,0,False,0,17.142257928848267,6719
257,0,True,0,False,0,17.519573211669922,6319
258,0,True,0,False,0,17.15539789199829,7320
259,0,True,0,False,0,17.411146640777588,5942
260,0,True,0,False,0,17.277673959732056,3848
261,0,True,0,False,0,17.301668167114258,5039
262,0,True,0,False,0,17.34557557106018,9518
263,0,True,0,False,0,17.279675722122192,11586
264,0,True,0,False,0,17.39000177383423,10878
265,0,True,0,False,0,17.278913736343384,631
266,0,True,0,False,0,17.435414791107178,4856
267,0,True,0,False,0,17.378684520721436,7026
268,0,True,0,False,0,17.262927532196045,9830
269,0,True,0,False,0,17.339353322982788,11249
270,0,True,0,False,0,17.395408391952515,9649
271,0,True,0,False,0,17.269603490829468,2904
272,0,True,0,False,0,17.30159068107605,834
273,0,True,0,False,0,17.352670431137085,2973
274,0,True,0,False,0,17.27629852294922,2194
275,0,True,0,False,0,17.291473388671875,1884
276,0,True,0,False,0,17.23819351196289,4833
277,0,True,0,False,0,17.206862211227417,12416
278,0,True,0,False,0,17.183284044265747,8290
279,0,True,0,False,0,17.30884027481079,849
280,0,True,0,False,0,17.236895084381104,6236
281,0,True,0,False,0,17.23317861557007,7018
282,0,True,0,False,0,17.32035207748413,3329
283,0,True,0,False,0,17.353349924087524,12122
284,0,True,0,False,0,17.25179171562195,12112
285,0,True,0,False,0,17.6019127368927,11178
286,0,True,0,False,0,17.195666313171387,1863
287,0,True,0,False,0,17.304332971572876,102
288,0,True,0,False,0,19.20788025856018,12217
289,0,True,0,False,0,17.825636386871338,6430
290,0,True,0,False,0,17.272096395492554,3478
291,0,True,0,False,0,17.295811653137207,5104
292,0,True,0,False,0,17.287275314331055,6067
293,0,True,0,False,0,17.476625442504883,10435
294,0,True,0,False,0,17.394229650497437,2284
295,0,True,0,False,0,17.25836753845215,5311
296,0,True,0,False,0,17.20043444633484,6562
297,0,True,0,False,0,17.144283771514893,3063
298,0,True,0,False,0,17.25886082649231,4554
299,0,True,0,False,0,17.349329233169556,7676
300,0,True,0,False,0,17.393753051757812,2850
301,0,True,0,False,0,17.666825532913208,10193
302,0,True,0,False,0,17.54032039642334,4030
303,0,True,0,False,0,17.27138352394104,2585
304,0,True,0,False,0,17.280444622039795,4846
305,0,True,0,False,0,17.170358180999756,8289
306,0,True,0,False,0,17.13951802253723,7524
307,0,True,0,False,0,17.138497591018677,6312
308,0,True,0,False,0,17.324877738952637,6257
309,0,True,0,False,0,17.345174074172974,12124
310,0,True,0,False,0,17.545746088027954,9296
311,0,True,0,False,0,17.262728214263916,4880
312,0,True,0,False,0,17.564289569854736,9067
313,0,True,0,False,0,17.30795693397522,5225
314,0,True,0,False,0,17.422234535217285,9252
315,0,True,0,False,0,17.31354856491089,6617
316,0,True,0,False,0,17.26531744003296,3359
317,0,True,0,False,0,17.340287446975708,7544
318,0,True,0,False,0,17.204734086990356,7848
319,0,True,0,False,0,17.282691717147827,5644
320,0,True,0,False,0,17.32619047164917,12375
321,0,True,0,False,0,17.27246069908142,1678
322,0,True,0,False,0,17.242757081985474,11166
323,0,True,0,False,0,17.3437716960907,10352
324,0,True,0,False,0,17.239673852920532,815
325,0,True,0,False,0,17.25078773498535,9882
326,0,True,0,False,0,17.29389238357544,4368
327,0,True,0,False,0,17.282554864883423,10034
328,0,True,0,False,0,17.147440433502197,792
329,0,True,0,False,0,17.280287981033325,8844
330,0,True,0,False,0,17.2256178855896,11009
331,0,True,0,False,0,17.79522681236267,3256
332,0,True,0,False,0,17.30530023574829,2463
333,0,True,0,False,0,17.345643758773804,122
334,0,True,0,False,0,17.34964632987976,4041
335,0,True,0,False,0,17.450818300247192,9589
336,0,True,0,False,0,17.77819585800171,9825
337,0,True,0,False,0,17.47090792655945,4031
338,0,True,0,False,0,17.340461254119873,9531
339,0,True,0,False,0,17.476896047592163,11454
340,0,True,0,False,0,17.369229793548584,9431
341,0,True,0,False,0,17.493452310562134,1945
342,0,True,0,False,0,17.307868242263794,2427
343,0,True,0,False,0,17.36132550239563,2258
344,0,True,0,False,0,17.248950719833374,4415
345,0,True,0,False,0,17.262566804885864,7061
346,0,True,0,False,0,17.257856369018555,997
347,0,True,0,False,0,17.235942363739014,4660
348,0,True,0,False,0,17.18265700340271,811
349,0,True,0,False,0,17.233951091766357,2535
350,0,True,0,False,0,17.294559717178345,3225
351,0,True,0,False,0,17.31062340736389,12028
352,0,True,0,False,0,23.87332034111023,11685
353,0,True,0,False,0,24.817939519882202,4642
354,0,True,0,False,0,24.223413228988647,6759
355,0,True,0,False,0,23.33616328239441,10268
356,0,True,0,False,0,23.009284496307373,7632
357,0,True,0,False,0,18.82468008995056,5554
358,0,True,0,False,0,18.50470542907715,12440
359,0,True,0,False,0,17.17564821243286,2335
360,0,True,0,False,0,17.270271062850952,5882
361,0,True,0,False,0,17.2439067363739,12362
362,0,True,0,False,0,17.30386257171631,12175
363,0,True,0,False,0,17.366068601608276,6014
364,0,True,0,False,0,17.250126600265503,8198
365,0,True,0,False,0,17.33669352531433,7256
366,0,True,0,False,0,17.282824754714966,9414
367,0,True,0,False,0,17.196943283081055,3252
368,0,True,0,False,0,17.214850425720215,6707
369,0,True,0,False,0,17.246426105499268,2216
370,0,True,0,False,0,17.33733630180359,2096
371,0,True,0,False,0,17.204508304595947,2690
372,0,True,0,False,0,17.19330930709839,3944
373,0,True,0,False,0,17.259915351867676,5348
374,0,True,0,False,0,17.273412942886353,2047
375,0,True,0,False,0,17.341103553771973,8998
376,0,True,0,False,0,17.299025774002075,9004
377,0,True,0,False,0,17.363895416259766,1037
378,0,True,0,False,0,17.243709802627563,8939
379,0,True,0,False,0,17.217791080474854,2699
380,0,True,0,False,0,17.22540283203125,10557
381,0,True,0,False,0,17.34942126274109,7172
382,0,True,0,False,0,17.14255404472351,7292
383,0,True,0,False,0,17.273720264434814,1084
384,0,True,0,False,0,17.35766053199768,9322
385,0,True,0,False,0,17.512516260147095,12348
386,0,True,0,False,0,17.23737144470215,1237
387,0,True,0,False,0,17.410833597183228,5376
388,0,True,0,False,0,17.264637231826782,5512
389,0,True,0,False,0,17.31133770942688,5581
390,0,True,0,False,0,17.36272954940796,1461
391,0,True,0,False,0,17.450105905532837,6517
392,0,True,0,False,0,17.433027029037476,7137
393,0,True,0,False,0,17.3555691242218,5660
394,0,True,0,False,0,17.376248598098755,6548
395,0,True,0,False,0,17.270257711410522,2281
396,0,True,0,False,0,17.305687189102173,8801
397,0,True,0,False,0,17.25840973854065,3077
398,0,True,0,False,0,17.15893030166626,482
399,0,True,0,False,0,17.32284641265869,7784
400,0,True,0,False,0,17.35018253326416,2718
401,0,True,0,False,0,17.312568187713623,6362
402,0,True,0,False,0,17.18446135520935,11237
403,0,True,0,False,0,17.26244354248047,3534
404,0,True,0,False,0,17.235472917556763,335
405,0,True,0,False,0,17.171640872955322,3773
406,0,True,0,False,0,17.253856658935547,2351
407,0,True,0,False,0,17.243887186050415,3056
408,0,True,0,False,0,17.197170734405518,8750
409,0,True,0,False,0,17.432347297668457,3806
410,0,True,0,False,0,17.230188608169556,8069
411,0,True,0,False,0,17.268088817596436,11526
412,0,True,0,False,0,17.304864406585693,8952
413,0,True,0,False,0,17.28082299232483,12107
414,0,True,0,False,0,17.798270225524902,11294
415,0,True,0,False,0,17.25732445716858,2093
416,0,True,0,False,0,17.282015562057495,4802
417,0,True,0,False,0,17.382925271987915,5220
418,0,True,0,False,0,17.32525658607483,4690
419,0,True,0,False,0,17.49138045310974,1266
420,0,True,0,False,0,17.377646684646606,6319
421,0,True,0,False,0,17.435617446899414,3373
422,0,True,0,False,0,17.27618956565857,12060
423,0,True,0,False,0,17.36767292022705,5566
424,0,True,0,False,0,17.223729848861694,6674
425,0,True,0,False,0,17.349467277526855,7
426,0,True,0,False,0,17.34199023246765,4204
427,0,True,0,False,0,17.230058431625366,6788
428,0,True,0,False,0,17.178563117980957,4270
429,0,True,0,False,0,17.269824504852295,1550
430,0,True,0,False,0,17.278980493545532,3625
431,0,True,0,False,0,17.357027292251587,11323
432,0,True,0,False,0,17.228822469711304,11775
433,0,True,0,False,0,17.339346408843994,9065
434,0,True,0,False,0,17.27017879486084,381
435,0,True,0,False,0,17.706998586654663,7518
436,0,True,0,False,0,17.242204189300537,3737
437,0,True,0,False,0,17.187390327453613,5532
438,0,True,0,False,0,17.262656688690186,585
439,0,True,0,False,0,17.29225444793701,11976
440,0,True,0,False,0,17.405574321746826,692
441,0,True,0,False,0,17.336322784423828,2459
442,0,True,0,False,0,17.2533597946167,11340
443,2,False,0,True,11,9.337744951248169,1691
444,0,True,0,False,0,17.27251172065735,3722
445,0,True,0,False,0,17.26163935661316,11754
446,0,True,0,False,0,17.26457452774048,1097
447,0,True,0,False,0,17.202168941497803,4310
448,0,True,0,False,0,17.251519441604614,12201
449,0,True,0,False,0,17.193161964416504,7300
450,0,True,0,False,0,17.25399422645569,4073
451,0,True,0,False,0,17.457605361938477,3443
452,0,True,0,False,0,17.2271466255188,3621
453,0,True,0,False,0,17.280155897140503,494
454,0,True,0,False,0,17.541554927825928,9616
455,0,True,0,False,0,17.203974723815918,2768
456,0,True,0,False,0,17.236882209777832,11120
457,0,True,0,False,0,17.18549680709839,6939
458,0,True,0,False,0,17.22730302810669,12740
459,0,True,0,False,0,17.147237539291382,8619
460,0,True,0,False,0,17.365487575531006,10066
461,0,True,0,False,0,17.428523778915405,378
462,0,True,0,False,0,17.405256032943726,4228
463,0,True,0,False,0,17.25207209587097,12523
464,0,True,0,False,0,17.444902896881104,10346
465,0,True,0,False,0,17.60814094543457,2547
466,0,True,0,False,0,17.460052728652954,3018
467,0,True,0,False,0,17.27068591117859,10366
468,0,True,0,False,0,17.396432399749756,7370
469,0,True,0,False,0,17.31401228904724,1487
470,0,True,0,False,0,17.35955548286438,7017
471,0,True,0,False,0,17.268306970596313,11078
472,0,True,0,False,0,17.290271997451782,3862
473,0,True,0,False,0,17.199448347091675,5855
474,0,True,0,False,0,17.406201362609863,8424
475,0,True,0,False,0,17.30944061279297,8398
476,0,True,0,False,0,17.240935564041138,5036
477,0,True,0,False,0,17.218749046325684,1294
478,0,True,0,False,0,17.217448234558105,2555
479,0,True,0,False,0,17.148494482040405,581
480,0,True,0,False,0,17.311498641967773,8212
481,0,True,0,False,0,17.298739194869995,9090
482,0,True,0,False,0,17.369691133499146,5746
483,0,True,0,False,0,17.288496494293213,6022
484,0,True,0,False,0,19.880428791046143,3448
485,0,True,0,False,0,18.027417421340942,2708
486,0,True,0,False,0,17.227206468582153,5244
487,0,True,0,False,0,17.701438188552856,7653
488,0,True,0,False,0,18.250276565551758,1544
489,0,True,0,False,0,17.809146881103516,5456
490,0,True,0,False,0,17.297176122665405,7014
491,0,True,0,False,0,17.323129415512085,1768
492,0,True,0,False,0,17.328375816345215,4548
493,0,True,0,False,0,17.314035177230835,1950
494,0,True,0,False,0,17.26021409034729,3287
495,0,True,0,False,0,17.46006202697754,5002
496,0,True,0,False,0,17.274983167648315,12686
497,0,True,0,False,0,17.24483585357666,12011
498,0,True,0,False,0,17.28642177581787,630
499,0,True,0,False,0,17.293801307678223,1468
500,0,True,0,False,0,17.23524785041809,679
501,0,True,0,False,0,17.313984155654907,1485
502,0,True,0,False,0,17.398446083068848,5325
503,0,True,0,False,0,17.22897958755493,8921
504,0,True,0,False,0,17.394900798797607,10817
505,0,True,0,False,0,17.35785436630249,9317
506,0,True,0,False,0,17.91399598121643,4879
507,0,True,0,False,0,17.31876254081726,11573
508,0,True,0,False,0,17.469101905822754,3746
509,0,True,0,False,0,17.20618772506714,2777
510,0,True,0,False,0,17.318877696990967,8942
511,0,True,0,False,0,17.385668992996216,12586
512,0,True,0,False,0,17.34128212928772,7821
513,0,True,0,False,0,17.346900463104248,3890
514,0,True,0,False,0,17.27590250968933,9720
515,0,True,0,False,0,20.03774094581604,9568
516,0,True,0,False,0,21.987645626068115,8894
517,0,True,0,False,0,21.333498239517212,8470
518,0,True,0,False,0,20.323113441467285,2117
519,0,True,0,False,0,17.098127126693726,8677
520,0,True,0,False,0,17.24032759666443,515
521,0,True,0,False,0,17.17922282218933,8054
522,0,True,0,False,0,17.313816785812378,8607
523,0,True,0,False,0,17.23719573020935,1313
524,0,True,0,False,0,17.21099019050598,7309
525,0,True,0,False,0,17.386935710906982,2644
526,0,True,0,False,0,17.222107410430908,8014
527,0,True,0,False,0,17.30051064491272,4222
528,0,True,0,False,0,17.312182188034058,12136
529,0,True,0,False,0,17.305872917175293,7580
530,0,True,0,False,0,17.266807556152344,9176
531,0,True,0,False,0,17.525434017181396,9056
532,0,True,0,False,0,17.232497692108154,9795
533,0,True,0,False,0,17.31891894340515,3629
534,0,True,0,False,0,17.23357319831848,10747
535,0,True,0,False,0,17.331013679504395,11409
536,0,True,0,False,0,17.279428482055664,8153
537,0,True,0,False,0,17.217862606048584,11892
538,0,True,0,False,0,17.206421375274658,3370
539,0,True,0,False,0,17.95877170562744,6561
540,0,True,0,False,0,17.545219659805298,6124
541,0,True,0,False,0,17.379311561584473,8551
542,0,True,0,False,0,17.355220317840576,6633
543,0,True,0,False,0,17.355968475341797,7798
544,0,True,0,False,0,17.37140393257141,3325
545,0,True,0,False,0,17.450247287750244,2820
546,0,True,0,False,0,17.317498683929443,3490
547,0,True,0,False,0,17.335580348968506,7926
548,0,True,0,False,0,17.151461362838745,3922
549,0,True,0,False,0,17.29920744895935,3583
550,0,True,0,False,0,17.34615421295166,4308
551,0,True,0,False,0,17.216524839401245,3664
552,0,True,0,False,0,17.2063467502594,11059
553,0,True,0,False,0,17.273097276687622,11543
554,0,True,0,False,0,17.30058979988098,9057
555,0,True,0,False,0,23.50932288169861,1517
556,0,True,0,False,0,24.76169204711914,8899
557,0,True,0,False,0,25.990131616592407,8386
558,0,True,0,False,0,23.335941791534424,3121
559,0,True,0,False,0,25.809921503067017,1862
560,0,True,0,False,0,23.848660945892334,5800
561,0,True,0,False,0,21.49735975265503,10153
562,0,True,0,False,0,17.084343671798706,7910
563,0,True,0,False,0,17.27051830291748,2442
564,0,True,0,False,0,16.982640266418457,7504
565,0,True,0,False,0,17.26791548728943,11644
566,0,True,0,False,0,17.45596694946289,119
567,0,True,0,False,0,17.33921456336975,887
568,0,True,0,False,0,17.243276357650757,3351
569,0,True,0,False,0,17.312251567840576,12574
570,0,True,0,False,0,17.24877667427063,2356
571,0,True,0,False,0,17.210935592651367,3137
572,0,True,0,False,0,17.20302414894104,999
573,0,True,0,False,0,17.157089471817017,7141
574,0,True,0,False,0,17.149960041046143,12704
575,0,True,0,False,0,17.297580003738403,7827
576,0,True,0,False,0,17.332505226135254,5128
577,0,True,0,False,0,17.374989986419678,10049
578,0,True,0,False,0,17.373157739639282,5872
579,0,True,0,False,0,17.3508780002594,9191
580,0,True,0,False,0,17.308908462524414,5786
581,0,True,0,False,0,17.30397129058838,1328
582,0,True,0,False,0,17.72605848312378,12187
583,0,True,0,False,0,17.20698308944702,9998
584,0,True,0,False,0,17.408575773239136,5119
585,0,True,0,False,0,17.24514675140381,6920
586,0,True,0,False,0,17.40578007698059,11249
587,0,True,0,False,0,17.29649043083191,7744
588,0,True,0,False,0,17.408308744430542,5435
589,0,True,0,False,0,17.24129605293274,886
590,0,True,0,False,0,17.278480052947998,8578
591,0,True,0,False,0,17.25315546989441,8839
592,0,True,0,False,0,17.436938047409058,10368
593,0,True,0,False,0,17.290749549865723,11197
594,0,True,0,False,0,17.415069103240967,7163
595,0,True,0,False,0,17.299288988113403,4569
596,0,True,0,False,0,17.54046368598938,2160
597,0,True,0,False,0,17.894546508789062,5386
598,0,True,0,False,0,17.661653757095337,10647
599,0,True,0,False,0,17.417396783828735,10649
600,0,True,0,False,0,17.494638204574585,4349
601,0,True,0,False,0,17.32946491241455,2551
602,0,True,0,False,0,17.309672832489014,10593
603,0,True,0,False,0,17.10309076309204,5253
604,0,True,0,False,0,17.302127838134766,5837
605,0,True,0,False,0,17.09404182434082,558
606,0,True,0,False,0,17.316368579864502,9395
607,0,True,0,False,0,17.280880212783813,8389
608,0,True,0,False,0,17.370443105697632,2871
609,0,True,0,False,0,17.288341760635376,12069
610,0,True,0,False,0,17.248339653015137,1262
611,0,True,0,False,0,17.32866406440735,2873
612,0,True,0,False,0,17.185197830200195,8312
613,0,True,0,False,0,17.34103035926819,2242
614,0,True,0,False,0,17.26171326637268,6104
615,0,True,0,False,0,17.258885622024536,7547
616,0,True,0,False,0,17.342734575271606,10832
617,0,True,0,False,0,17.280522346496582,5238
618,0,True,0,False,0,17.285267114639282,5471
619,0,True,0,False,0,17.290011167526245,5109
620,0,True,0,False,0,17.26255702972412,630
621,0,True,0,False,0,17.26081871986389,3562
622,0,True,0,False,0,17.274547815322876,4416
623,0,True,0,False,0,18.03594446182251,7853
624,0,True,0,False,0,17.232287645339966,8180
625,0,True,0,False,0,17.486207485198975,2410
626,0,True,0,False,0,17.381641149520874,10194
627,0,True,0,False,0,17.36757731437683,526
628,0,True,0,False,0,17.7073495388031,5790
629,0,True,0,False,0,18.029049158096313,6103
630,0,True,0,False,0,17.57679533958435,8012
631,0,True,0,False,0,17.26257014274597,769
632,0,True,0,False,0,17.26942491531372,10454
633,0,True,0,False,0,17.162376880645752,2899
634,0,True,0,False,0,17.10079264640808,3028
635,0,True,0,False,0,17.14348864555359,4763
636,0,True,0,False,0,17.480437994003296,2563
637,0,True,0,False,0,17.328194856643677,3539
638,0,True,0,False,0,17.31350564956665,1638
639,0,True,0,False,0,17.22854208946228,4880
640,0,True,0,False,0,17.260945320129395,5775
641,0,True,0,False,0,17.301745653152466,3781
642,0,True,0,False,0,17.514243364334106,5377
643,0,True,0,False,0,17.206007719039917,1652
644,0,True,0,False,0,17.275712490081787,8800
645,0,True,0,False,0,17.21126127243042,12498
646,0,True,0,False,0,17.366934061050415,9915
647,0,True,0,False,0,17.273866176605225,3475
648,0,True,0,False,0,17.333673238754272,1900
649,0,True,0,False,0,17.312235355377197,538
650,0,True,0,False,0,17.214871883392334,12708
651,0,True,0,False,0,17.28900980949402,6676
652,0,True,0,False,0,17.245275020599365,2128
653,0,True,0,False,0,17.201743364334106,12395
654,0,True,0,False,0,17.17530584335327,9389
655,0,True,0,False,0,17.249354600906372,2884
656,0,True,0,False,0,17.266476154327393,3580
657,0,True,0,False,0,17.26534938812256,5833
658,0,True,0,False,0,17.322964429855347,3173
659,0,True,0,False,0,17.324260473251343,472
660,0,True,0,False,0,17.26810121536255,7901
661,0,True,0,False,0,17.26433515548706,12057
662,0,True,0,False,0,17.359659433364868,4812
663,0,True,0,False,0,17.200581550598145,850
664,0,True,0,False,0,17.20596480369568,6306
665,0,True,0,False,0,17.221679210662842,3231
666,0,True,0,False,0,17.32011079788208,6034
667,0,True,0,False,0,17.188244342803955,9190
668,0,True,0,False,0,17.28255534172058,8237
669,0,True,0,False,0,17.26372742652893,9348
670,0,True,0,False,0,17.245139837265015,8855
671,0,True,0,False,0,17.259280681610107,441
672,0,True,0,False,0,19.655522108078003,6168
673,0,True,0,False,0,17.93346619606018,8323
674,0,True,0,False,0,17.22968316078186,8942
675,0,True,0,False,0,17.667285203933716,4037
676,0,True,0,False,0,17.389479160308838,12609
677,0,True,0,False,0,17.2127423286438,7219
678,0,True,0,False,0,17.41745638847351,10598
679,0,True,0,False,0,17.451741218566895,6359
680,0,True,0,False,0,17.237719774246216,505
681,0,True,0,False,0,17.31949806213379,10595
682,0,True,0,False,0,17.252267837524414,7968
683,0,True,0,False,0,17.137194395065308,9428
684,0,True,0,False,0,17.233822107315063,7481
685,0,True,0,False,0,17.24362087249756,521
686,0,True,0,False,0,17.352935075759888,2931
687,0,True,0,False,0,17.154107570648193,7
688,0,True,0,False,0,17.24737310409546,1351
689,0,True,0,False,0,17.225425481796265,10172
690,0,True,0,False,0,17.31808352470398,9292
691,0,True,0,False,0,17.33615756034851,698
692,0,True,0,False,0,17.215075254440308,9820
693,0,True,0,False,0,17.180591583251953,12707
694,0,True,0,False,0,17.208359241485596,11179
695,0,True,0,False,0,17.199729919433594,10101
696,0,True,0,False,0,17.257738828659058,184
697,0,True,0,False,0,17.25991129875183,7768
698,0,True,0,False,0,17.424200773239136,12320
699,0,True,0,False,0,17.598748207092285,9466
700,0,True,0,False,0,17.750051975250244,7103
701,0,True,0,False,0,17.915699005126953,514
702,0,True,0,False,0,17.32460355758667,2922
703,0,True,0,False,0,17.42088508605957,11480
704,0,True,0,False,0,17.277350902557373,12199
705,0,True,0,False,0,17.374558448791504,1825
706,0,True,0,False,0,17.250734090805054,9248
707,0,True,0,False,0,17.38952875137329,4776
708,0,True,0,False,0,17.37071418762207,9320
709,0,True,0,False,0,17.30210852622986,5661
710,0,True,0,False,0,17.206101417541504,10756
711,0,True,0,False,0,17.209228515625,1896
712,0,True,0,False,0,17.25521445274353,2160
713,0,True,0,False,0,17.224552392959595,3536
714,0,True,0,False,0,17.261168479919434,79
715,0,True,0,False,0,17.190245628356934,8883
716,0,True,0,False,0,17.16224431991577,299
717,0,True,0,False,0,17.237002849578857,2480
718,0,True,0,False,0,17.271563291549683,3647
719,0,True,0,False,0,17.361533641815186,9870
720,0,True,0,False,0,17.476787090301514,11629
721,0,True,0,False,0,17.46156644821167,10382
722,0,True,0,False,0,17.37741494178772,9506
723,0,True,0,False,0,17.335931301116943,1570
724,0,True,0,False,0,17.73085618019104,7499
725,0,True,0,False,0,17.255515336990356,3097
726,0,True,0,False,0,17.2780282497406,8954
727,0,True,0,False,0,17.371251583099365,2579
728,0,True,0,False,0,17.339534282684326,11395
729,0,True,0,False,0,17.32497787475586,3980
730,0,True,0,False,0,17.291500329971313,5474
731,0,True,0,False,0,17.26043438911438,9605
732,0,True,0,False,0,17.24564528465271,9204
733,0,True,0,False,0,17.17762565612793,10527
734,0,True,0,False,0,17.211493492126465,1918
735,0,True,0,False,0,17.22198748588562,993
736,0,True,0,False,0,17.192089796066284,6782
737,0,True,0,False,0,17.418452978134155,2575
738,0,True,0,False,0,17.24220895767212,12468
739,0,True,0,False,0,17.262088537216187,906
740,0,True,0,False,0,17.245957374572754,7037
741,0,True,0,False,0,17.2284574508667,10100
742,0,True,0,False,0,17.218292474746704,3277
743,0,True,0,False,0,17.226341009140015,19
744,0,True,0,False,0,17.923800706863403,10212
745,0,True,0,False,0,17.380279779434204,5640
746,0,True,0,False,0,17.262015104293823,613
747,0,True,0,False,0,17.498610734939575,1939
748,0,True,0,False,0,17.550663709640503,4551
749,0,True,0,False,0,17.43207287788391,934
750,0,True,0,False,0,17.352447748184204,2758
751,0,True,0,False,0,17.400095224380493,276
752,0,True,0,False,0,17.320651054382324,712
753,0,True,0,False,0,17.315565824508667,6631
754,0,True,0,False,0,17.306797981262207,5463
755,0,True,0,False,0,17.263392448425293,11432
756,0,True,0,False,0,17.080405712127686,12397
757,0,True,0,False,0,17.350151300430298,7844
758,0,True,0,False,0,17.271273136138916,7136
759,0,True,0,False,0,17.39763116836548,11992
760,0,True,0,False,0,17.288978099822998,507
761,0,True,0,False,0,17.240944623947144,10399
762,0,True,0,False,0,17.34285306930542,3615
763,0,True,0,False,0,17.226456880569458,3114
764,0,True,0,False,0,17.21863079071045,8560
765,0,True,0,False,0,17.187803983688354,7538
766,0,True,0,False,0,17.169256448745728,6018
767,0,True,0,False,0,17.322327613830566,4394
768,0,True,0,False,0,17.397781133651733,4964
769,0,True,0,False,0,17.57652449607849,2979
770,0,True,0,False,0,17.371261596679688,7523
771,0,True,0,False,0,17.65516495704651,11427
772,0,True,0,False,0,17.253957986831665,6395
773,0,True,0,False,0,17.38762664794922,2625
774,0,True,0,False,0,17.280259609222412,6811
775,0,True,0,False,0,17.279775381088257,10286
776,0,True,0,False,0,17.243117094039917,3193
777,0,True,0,False,0,17.429667711257935,4027
778,0,True,0,False,0,17.28934359550476,9225
779,0,True,0,False,0,17.351719617843628,5802
780,0,True,0,False,0,17.306179761886597,9449
781,0,True,0,False,0,17.260942935943604,4611
782,0,True,0,False,0,17.281291007995605,9603
783,0,True,0,False,0,17.224631547927856,5817
784,0,True,0,False,0,17.17899775505066,4721
785,0,True,0,False,0,17.2229220867157,414
786,0,True,0,False,0,17.128767728805542,8499
787,0,True,0,False,0,17.36982297897339,4380
788,0,True,0,False,0,17.236092805862427,11529
789,0,True,0,False,0,17.371522426605225,4867
790,0,True,0,False,0,17.29442024230957,381
791,0,True,0,False,0,17.24001932144165,5288
792,0,True,0,False,0,17.219422340393066,12299
793,0,True,0,False,0,17.196566343307495,8565
794,0,True,0,False,0,17.327112197875977,12326
795,0,True,0,False,0,17.31508994102478,7828
796,0,True,0,False,0,17.15407085418701,11089
797,0,True,0,False,0,17.354055881500244,7669
798,0,True,0,False,0,17.313462734222412,8618
799,0,True,0,False,0,17.75593090057373,6669
800,0,True,0,False,0,17.5794358253479,8403
801,0,True,0,False,0,17.308254718780518,2552
802,0,True,0,False,0,17.248101949691772,10556
803,0,True,0,False,0,17.331663608551025,1900
804,0,True,0,False,0,17.397215843200684,2259
805,0,True,0,False,0,17.243253231048584,525
806,0,True,0,False,0,17.1852126121521,7657
807,0,True,0,False,0,17.269331455230713,8560
808,0,True,0,False,0,17.365087270736694,2251
809,0,True,0,False,0,17.400908708572388,1353
810,0,True,0,False,0,17.259682178497314,8722
811,0,True,0,False,0,17.425128936767578,12189
812,0,True,0,False,0,17.250956773757935,6112
813,0,True,0,False,0,17.372844696044922,6999
814,0,True,0,False,0,17.38255524635315,5373
815,0,True,0,False,0,17.209705591201782,12497
816,0,True,0,False,0,17.237279653549194,8141
817,0,True,0,False,0,17.325111389160156,2533
818,0,True,0,False,0,17.31954026222229,4253
819,0,True,0,False,0,17.272939682006836,5679
820,0,True,0,False,0,17.32177448272705,4044
821,0,True,0,False,0,17.30191993713379,870
822,0,True,0,False,0,17.241517066955566,12294
823,0,True,0,False,0,17.305919408798218,6791
824,0,True,0,False,0,17.20660376548767,1128
825,0,True,0,False,0,17.350545167922974,3560
826,0,True,0,False,0,17.163126945495605,3852
827,0,True,0,False,0,17.28531789779663,8774
828,0,True,0,False,0,17.363632678985596,1361
829,0,True,0,False,0,17.399136066436768,1130
830,0,True,0,False,0,17.39472985267639,176
831,0,True,0,False,0,17.3643000125885,4763
832,0,True,0,False,0,17.36630368232727,3189
833,0,True,0,False,0,17.355290174484253,2717
834,0,True,0,False,0,17.20803475379944,10859
835,0,True,0,False,0,17.226927757263184,5445
836,0,True,0,False,0,17.13365864753723,10414
837,0,True,0,False,0,17.298017024993896,5344
838,0,True,0,False,0,17.24057674407959,9145
839,0,True,0,False,0,17.279109001159668,1728
840,0,True,0,False,0,17.30682682991028,2601
841,0,True,0,False,0,17.295585870742798,908
842,0,True,0,False,0,17.23004698753357,7620
843,0,True,0,False,0,17.195228338241577,7588
844,0,True,0,False,0,17.2635600566864,6706
845,0,True,0,False,0,17.20868682861328,4972
846,0,True,0,False,0,17.235487699508667,1065
847,0,True,0,False,0,17.486138343811035,10382
848,0,True,0,False,0,18.017415761947632,12282
849,0,True,0,False,0,19.066669464111328,6864
850,2,False,0,True,11,18.565239906311035,12248
851,0,True,0,False,0,17.59575366973877,35
852,0,True,0,False,0,17.300288200378418,9432
853,0,True,0,False,0,17.316831350326538,7228
854,0,True,0,False,0,17.263965129852295,4224
855,0,True,0,False,0,17.225940227508545,3075
856,0,True,0,False,0,17.19919466972351,2671
857,0,True,0,False,0,17.36733055114746,2329
858,0,True,0,False,0,17.32688283920288,1453
859,0,True,0,False,0,17.28489375114441,11379
860,0,True,0,False,0,17.240430116653442,9386
861,0,True,0,False,0,17.255352020263672,5625
862,0,True,0,False,0,17.204366445541382,10354
863,0,True,0,False,0,17.2603919506073,9995
864,0,True,0,False,0,17.47435164451599,7537
865,0,True,0,False,0,17.20425820350647,5676
866,0,True,0,False,0,17.2108371257782,6351
867,0,True,0,False,0,17.38364863395691,5298
868,0,True,0,False,0,17.81884741783142,12109
869,0,True,0,False,0,19.46801233291626,6719
870,0,True,0,False,0,19.479820013046265,11996
871,0,True,0,False,0,17.438645362854004,7808
872,0,True,0,False,0,17.37128734588623,12259
873,0,True,0,False,0,17.5764217376709,6083
874,0,True,0,False,0,17.3246910572052,6784
875,0,True,0,False,0,17.404189825057983,4584
876,0,True,0,False,0,17.303701400756836,3348
877,0,True,0,False,0,17.350148677825928,9355
878,0,True,0,False,0,17.518563985824585,9200
879,0,True,0,False,0,17.299860954284668,11401
880,0,True,0,False,0,17.389222383499146,9217
881,0,True,0,False,0,17.26414942741394,1346
882,0,True,0,False,0,17.329188346862793,4134
883,0,True,0,False,0,20.01118516921997,9899
884,0,True,0,False,0,19.580848217010498,5838
885,0,True,0,False,0,17.954617977142334,1540
886,0,True,0,False,0,17.593108415603638,7287
887,0,True,0,False,0,17.27095079421997,2361
888,0,True,0,False,0,17.354045867919922,3040
889,0,True,0,False,0,17.264761209487915,259
890,0,True,0,False,0,17.310768604278564,7345
891,0,True,0,False,0,17.26902461051941,4635
892,0,True,0,False,0,17.22662615776062,8876
893,0,True,0,False,0,17.4654700756073,10337
894,0,True,0,False,0,17.19751739501953,783
895,0,True,0,False,0,17.156610012054443,10477
896,0,True,0,False,0,17.21145272254944,1717
897,0,True,0,False,0,17.484832525253296,12144
898,0,True,0,False,0,17.426097869873047,1013
899,0,True,0,False,0,17.49557089805603,6968
900,0,True,0,False,0,17.425109148025513,8737
901,0,True,0,False,0,17.454792499542236,1983
902,0,True,0,False,0,17.407544374465942,9623
903,0,True,0,False,0,17.481690883636475,6317
904,0,True,0,False,0,17.26498031616211,8241
905,0,True,0,False,0,17.120307445526123,11954
906,0,True,0,False,0,17.311609506607056,3976
907,0,True,0,False,0,17.349640130996704,10529
908,0,True,0,False,0,17.2914822101593,11871
909,0,True,0,False,0,17.2982919216156,11987
910,0,True,0,False,0,17.279134035110474,12289
911,0,True,0,False,0,17.240257740020752,369
912,0,True,0,False,0,17.23712658882141,1663
913,0,True,0,False,0,17.222683668136597,1425
914,0,True,0,False,0,17.25039529800415,7237
915,0,True,0,False,0,17.21298360824585,2147
916,0,True,0,False,0,17.240944385528564,2253
917,0,True,0,False,0,17.256242513656616,8134
918,0,True,0,False,0,17.351245880126953,8255
919,0,True,0,False,0,17.3005211353302,4135
920,0,True,0,False,0,17.231954336166382,3080
921,0,True,0,False,0,17.255730152130127,5500
922,0,True,0,False,0,17.261131763458252,11195
923,0,True,0,False,0,17.375307083129883,5421
924,0,True,0,False,0,17.22114133834839,8108
925,0,True,0,False,0,17.158243656158447,3977
926,0,True,0,False,0,17.21457529067993,10946
927,0,True,0,False,0,17.2405686378479,4121
928,0,True,0,False,0,17.298357725143433,4823
929,0,True,0,False,0,17.384501457214355,4577
930,0,True,0,False,0,17.405434370040894,10657
931,0,True,0,False,0,17.30145812034607,4259
932,0,True,0,False,0,17.203673362731934,12415
933,0,True,0,False,0,17.231197595596313,4087
934,0,True,0,False,0,17.34512495994568,6989
935,0,True,0,False,0,17.2236647605896,318
936,0,True,0,False,0,17.2025625705719,3385
937,0,True,0,False,0,17.356427431106567,3042
938,0,True,0,False,0,17.277283906936646,7282
939,0,True,0,False,0,17.244444370269775,11778
940,0,True,0,False,0,17.552252054214478,3085
941,0,True,0,False,0,17.424804210662842,1157
942,0,True,0,False,0,17.412774801254272,8021
943,0,True,0,False,0,17.39466404914856,6070
944,0,True,0,False,0,17.293609619140625,5145
945,0,True,0,False,0,17.275316953659058,2570
946,0,True,0,False,0,17.44753646850586,4869
947,0,True,0,False,0,17.436182737350464,3646
948,0,True,0,False,0,17.450060606002808,10638
949,0,True,0,False,0,17.390371322631836,8419
950,0,True,0,False,0,17.207573890686035,5671
951,0,True,0,False,0,17.273600101470947,9999
952,0,True,0,False,0,17.235279321670532,11440
953,0,True,0,False,0,17.22153925895691,1607
954,0,True,0,False,0,17.261128902435303,12217
955,0,True,0,False,0,17.249085664749146,11556
956,0,True,0,False,0,17.30737829208374,3637
957,0,True,0,False,0,17.335042476654053,1488
958,0,True,0,False,0,17.279690742492676,9622
959,0,True,0,False,0,17.343920946121216,3221
960,0,True,0,False,0,17.26300835609436,2769
961,0,True,0,False,0,17.33166193962097,12137
962,0,True,0,False,0,17.264342784881592,6941
963,0,True,0,False,0,17.243608474731445,7258
964,0,True,0,False,0,17.337491035461426,11979
965,0,True,0,False,0,17.655327558517456,9896
966,0,True,0,False,0,17.299185276031494,5742
967,0,True,0,False,0,17.36734938621521,5838
968,0,True,0,False,0,17.355243921279907,3427
969,0,True,0,False,0,17.259515285491943,10558
970,0,True,0,False,0,17.290848970413208,8127
971,0,True,0,False,0,17.29947018623352,7996
972,0,True,0,False,0,17.31890344619751,12200
973,0,True,0,False,0,17.19816756248474,2270
974,0,True,0,False,0,17.214478015899658,6236
975,0,True,0,False,0,17.272987842559814,9393
976,0,True,0,False,0,17.26703906059265,8169
977,0,True,0,False,0,17.43984866142273,1739
978,0,True,0,False,0,17.28455352783203,11142
979,0,True,0,False,0,17.216733694076538,7633
980,0,True,0,False,0,17.194449186325073,1848
981,0,True,0,False,0,17.218090772628784,1144
982,0,True,0,False,0,17.410011768341064,3009
983,0,True,0,False,0,17.304436445236206,11004
984,0,True,0,False,0,17.30390954017639,1047
985,0,True,0,False,0,17.23238730430603,3035
986,0,True,0,False,0,17.30314826965332,5944
987,0,True,0,False,0,17.535572052001953,7902
988,0,True,0,False,0,17.378409385681152,10798
989,0,True,0,False,0,17.438859462738037,2675
990,0,True,0,False,0,17.40259838104248,747
991,0,True,0,False,0,17.41927981376648,5753
992,0,True,0,False,0,17.319156169891357,6335
993,0,True,0,False,0,17.229050159454346,8622
994,0,True,0,False,0,17.106751918792725,9137
995,0,True,0,False,0,17.03296947479248,1127
996,0,True,0,False,0,17.265037775039673,3567
997,0,True,0,False,0,16.904728651046753,9662
998,0,True,0,False,0,17.07247805595398,9768
999,0,True,0,False,0,16.715848684310913,5072
